Workbook

Sheet Raw Data
A1: ID | B1: Rep Name | C1: Region | D1: Sales | E1: Date
A2: 1 | B2: alice smith | C2: north | D2: 1200 | E2: 45662
A3: 2 | B3: BOB JONES | C3: South | D3: 850 | E3: 45664
A4: 3 | B4: Alice Smith | C4: North | D4: 1500 | E4: 45669
A5: 4 | B5: carol white | C5: EAST | D5: 900 | E5: 45689
A6: 5 | B6: Bob Jones | C6: south | D6: 1100 | E6: 45691
A7: 6 | B7: ALICE SMITH | C7: north | D7: 750 | E7: 45698
A8: 7 | B8: carol white | C8: East | D8: 1300 | E8: 45703
A9: 8 | B9: Bob Jones | C9: South | E9: 45706
A10: 9 | B10: alice smith | C10: North | D10: 600 | E10: 45717
A11: 10 | B11: Carol White | C11: east | D11: 1150 | E11: 45721

Sheet Cleaned Report
A1: ID | B1: Rep Name | C1: Region | D1: Sales | E1: Date | G1: Rep Name | H1: Total Sales | I1: Transactions | J1: Region
A2: ='Raw Data'!A2 -> 1 | B2: =TRIM(PROPER('Raw Data'!B2)) -> Alice Smith | C2: =PROPER('Raw Data'!C2) -> North | D2: =IFERROR('Raw Data'!D2*1, "Missing") -> 1200 | E2: ='Raw Data'!E2 -> 45662 | G2: Alice Smith | H2: =SUMIF(B:B,G2,D:D) -> 4050 | I2: =COUNTIF(B:B,G2) -> 4 | J2: =IFERROR(VLOOKUP(G2,B:C,2,0), "Not Found") -> North
A3: ='Raw Data'!A3 -> 2 | B3: =TRIM(PROPER('Raw Data'!B3)) -> Bob Jones | C3: =PROPER('Raw Data'!C3) -> South | D3: =IFERROR('Raw Data'!D3*1, "Missing") -> 850 | E3: ='Raw Data'!E3 -> 45664 | G3: Bob Jones | H3: =SUMIF(B:B,G3,D:D) -> 1950 | I3: =COUNTIF(B:B,G3) -> 3 | J3: =IFERROR(VLOOKUP(G3,B:C,2,0), "Not Found") -> South
A4: ='Raw Data'!A4 -> 3 | B4: =TRIM(PROPER('Raw Data'!B4)) -> Alice Smith | C4: =PROPER('Raw Data'!C4) -> North | D4: =IFERROR('Raw Data'!D4*1, "Missing") -> 1500 | E4: ='Raw Data'!E4 -> 45669 | G4: Carol White | H4: =SUMIF(B:B,G4,D:D) -> 3350 | I4: =COUNTIF(B:B,G4) -> 3 | J4: =IFERROR(VLOOKUP(G4,B:C,2,0), "Not Found") -> East
A5: ='Raw Data'!A5 -> 4 | B5: =TRIM(PROPER('Raw Data'!B5)) -> Carol White | C5: =PROPER('Raw Data'!C5) -> East | D5: =IFERROR('Raw Data'!D5*1, "Missing") -> 900 | E5: ='Raw Data'!E5 -> 45689
A6: ='Raw Data'!A6 -> 5 | B6: =TRIM(PROPER('Raw Data'!B6)) -> Bob Jones | C6: =PROPER('Raw Data'!C6) -> South | D6: =IFERROR('Raw Data'!D6*1, "Missing") -> 1100 | E6: ='Raw Data'!E6 -> 45691
A7: ='Raw Data'!A7 -> 6 | B7: =TRIM(PROPER('Raw Data'!B7)) -> Alice Smith | C7: =PROPER('Raw Data'!C7) -> North | D7: =IFERROR('Raw Data'!D7*1, "Missing") -> 750 | E7: ='Raw Data'!E7 -> 45698
A8: ='Raw Data'!A8 -> 7 | B8: =TRIM(PROPER('Raw Data'!B8)) -> Carol White | C8: =PROPER('Raw Data'!C8) -> East | D8: =IFERROR('Raw Data'!D8*1, "Missing") -> 1300 | E8: ='Raw Data'!E8 -> 45703
A9: ='Raw Data'!A9 -> 8 | B9: =TRIM(PROPER('Raw Data'!B9)) -> Bob Jones | C9: =PROPER('Raw Data'!C9) -> South | D9: =IF('Raw Data'!D9="", "Missing", 'Raw Data'!D9) -> Missing | E9: ='Raw Data'!E9 -> 45706
A10: ='Raw Data'!A10 -> 9 | B10: =TRIM(PROPER('Raw Data'!B10)) -> Alice Smith | C10: =PROPER('Raw Data'!C10) -> North | D10: =IFERROR('Raw Data'!D10*1, "Missing") -> 600 | E10: ='Raw Data'!E10 -> 45717
A11: ='Raw Data'!A11 -> 10 | B11: =TRIM(PROPER('Raw Data'!B11)) -> Carol White | C11: =PROPER('Raw Data'!C11) -> East | D11: =IFERROR('Raw Data'!D11*1, "Missing") -> 1150 | E11: ='Raw Data'!E11 -> 45721
